window_id,node_id,window_start,window_end,decision_label,decision_source,confidence,reason_codes,evidence_ref
EXP-000-W01,B,2026-01-01T00:00:00Z,2026-01-01T00:01:00Z,sensor_fault,gateway_fused,0.91,spike_confirmed,dec-001
EXP-000-W02,B,2026-01-01T00:10:00Z,2026-01-01T00:11:00Z,sensor_fault,gateway_fused,0.88,drift_persistent,dec-002
EXP-000-W03,B,2026-01-01T00:20:00Z,2026-01-01T00:21:00Z,sensor_fault,gateway_fused,0.84,stuck_window_full,dec-003
EXP-000-W04,B,2026-01-01T00:30:00Z,2026-01-01T00:31:00Z,shared_event,gateway_fused,0.52,peer_corroboration_weak,dec-004
EXP-000-W05,B,2026-01-01T00:40:00Z,2026-01-01T00:41:00Z,shared_event,node_only,0.47,peer_sample_missing,dec-005
EXP-000-W06,B,2026-01-01T00:50:00Z,2026-01-01T00:51:00Z,shared_event,gateway_fused,0.93,peer_corroboration_strong,dec-006
EXP-000-W07,B,2026-01-01T01:00:00Z,2026-01-01T01:01:00Z,shared_event,gateway_fused,0.92,peer_corroboration_strong,dec-007
EXP-000-W08,B,2026-01-01T01:10:00Z,2026-01-01T01:11:00Z,shared_event,gateway_fused,0.90,peer_corroboration_strong,dec-008
EXP-000-W09,B,2026-01-01T01:20:00Z,2026-01-01T01:21:00Z,shared_event,gateway_fused,0.89,peer_corroboration_strong,dec-009
EXP-000-W10,B,2026-01-01T01:30:00Z,2026-01-01T01:31:00Z,sensor_fault,gateway_fused,0.55,peer_disagreement,dec-010
EXP-000-W11,B,2026-01-01T01:40:00Z,2026-01-01T01:41:00Z,normal,gateway_fused,0.95,no_evidence,dec-011
EXP-000-W12,B,2026-01-01T01:50:00Z,2026-01-01T01:51:00Z,normal,gateway_fused,0.95,no_evidence,dec-012
EXP-000-W13,B,2026-01-01T02:00:00Z,2026-01-01T02:01:00Z,normal,gateway_fused,0.96,no_evidence,dec-013
EXP-000-W14,B,2026-01-01T02:10:00Z,2026-01-01T02:11:00Z,normal,gateway_fused,0.94,no_evidence,dec-014
EXP-000-W15,B,2026-01-01T02:20:00Z,2026-01-01T02:21:00Z,normal,gateway_fused,0.95,no_evidence,dec-015
EXP-000-W16,B,2026-01-01T02:30:00Z,2026-01-01T02:31:00Z,normal,gateway_fused,0.95,no_evidence,dec-016
EXP-000-W17,B,2026-01-01T02:40:00Z,2026-01-01T02:41:00Z,normal,gateway_fused,0.93,no_evidence,dec-017
EXP-000-W18,B,2026-01-01T02:50:00Z,2026-01-01T02:51:00Z,normal,gateway_fused,0.95,no_evidence,dec-018
EXP-000-W19,B,2026-01-01T03:00:00Z,2026-01-01T03:01:00Z,shared_event,gateway_fused,0.58,peer_corroboration_weak,dec-019
EXP-000-W20,B,2026-01-01T03:10:00Z,2026-01-01T03:11:00Z,shared_event,node_only,0.51,peer_sample_missing,dec-020
